metric,value
Initial Investment,100000.0
Avg Portfolio Value,112375.51805940886
VaR 95%,-7874.237399369383
VaR 99%,-14429.196452915805
Base Revenue,5000000.0
Avg 3Y Revenue,6655143.046805616
Optimistic Revenue,8090966.803395059
Pessimistic Revenue,5323249.09188486
